requirement,excerpt,category,file,page,type,image,classification,compliance
The document begins with general notes that likely cover important or critical information that applies to all or most sections of the document.,"The content suggests that it is part of a larger document or manual that details specific requirements, processes, and engineering elements for a project.  
  
**Key Elements:**  
  
*   **General Notes:** The document begins with general notes that likely cover important or critical information that applies to all or most sections of the document.  
*   **Section 1: All Comings…**: This section appears to be an instruction or requirement for all coming or…  
*   **Section 2: The Grade of Concrete…**: This section details specific requirements for the grade of concrete…  
*   **Section …**: The document continues with various sections, each addressing specific aspects of the project, including…  
*   **……  
*   **……**  
  
**Technical and Engineering Elements:**  
  
*   **Pur…  
*   **…  
*   **…  
*   **…  
  
**Safety Elements:**  
  
*   **…  
*   **…  
*   **…  
  
**Conclusion:**  
  
The provided image appears to be a page from a tender document or technical manual",DOCUMENTATION,docs\Volume-II\Drawings\Indicative Drawings - Civil Works.pdf,13,IMAGE,images_rep/Indicative Drawings - Civil Works.pdf_p13_img0.png,MANDATORY,UNKNOWN
P-1,The provided diagram appears to be a technical drawing or tender document for a specific project or system,QUALITY_STANDARDS,docs\Volume-II\Drawings\Indicative Drawings - Civil Works.pdf,25,IMAGE,images_rep/Indicative Drawings - Civil Works.pdf_p25_img0.png,MANDATORY,UNKNOWN
